{"cameraMode":{"drawMode":0,"name":"Shaded","section":"Shading Mode"},"sceneLighting":false,"audioPlay":false,"sceneViewState":{"m_AlwaysRefresh":false,"showFog":true,"showSkybox":false,"showFlares":true,"showImageEffects":true,"showParticleSystems":true,"showVisualEffectGraphs":true,"m_FxEnabled":true},"in2DMode":false,"pivot":{"x":-0.9750000238418579,"y":1.2660000324249268,"z":-0.5009999871253967},"rotation":{"x":0.17435595393180848,"y":-0.1944192796945572,"z":0.035138629376888278,"w":0.9646750688552856},"size":0.07071062922477722,"orthographic":false}